Taxa,Population
PI157487A,C2.GRIN
PI175189,C2.GRIN
PI189867,C2.GRIN
PI243533,C2.GRIN
PI273483E,C2.GRIN
PI295947,C2.GRIN
PI306702C,C2.GRIN
PI323566,C2.GRIN
PI340011,C2.GRIN
PI358321C,C2.GRIN
PI391581B,C2.GRIN
PI398473,C2.GRIN
PI399020,C2.GRIN
PI408319A,C2.GRIN
PI408336,C2.GRIN
PI417394,C2.GRIN
PI423823,C2.GRIN
PI424605B,C2.GRIN
PI437388,C2.GRIN
PI438025,C2.GRIN
PI458022,C2.GRIN
PI458061B,C2.GRIN
PI458072B,C2.GRIN
PI458175A,C2.GRIN
PI458175C,C2.GRIN
PI458244A,C2.GRIN
PI458525,C2.GRIN
PI464915B,C2.GRIN
PI507132B,C2.GRIN
PI508296E,C2.GRIN
PI518291C,C2.GRIN
PI548227,C2.GRIN
PI548439,C2.GRIN
PI553048,C2.GRIN
PI567121B,C2.GRIN
PI567404F,C2.GRIN
PI567491B,C2.GRIN
PI567602B,C2.GRIN
PI567767A,C2.GRIN
PI567767D,C2.GRIN
PI578307B,C2.GRIN
PI578316A,C2.GRIN
PI587697,C2.GRIN
PI587998D,C2.GRIN
PI594608A,C2.GRIN
PI594608B,C2.GRIN
PI602447,C2.GRIN
PI603337B,C2.GRIN
PI603444B,C2.GRIN
PI603444D,C2.GRIN
PI603571A,C2.GRIN
PI603571C,C2.GRIN
PI603915A,C2.GRIN
PI605743B,C2.GRIN
PI613559D,C2.GRIN
PI632663B,C2.GRIN
PI175197,C2.GRIN
PI253653A,C2.GRIN
PI283327,C2.GRIN
PI306702B,C2.GRIN
PI358318A,C2.GRIN
PI358318B,C2.GRIN
PI398262,C2.GRIN
PI398368,C2.GRIN
PI398902,C2.GRIN
PI398949,C2.GRIN
PI398955,C2.GRIN
PI404191,C2.GRIN
PI407923,C2.GRIN
PI408076B,C2.GRIN
PI408139,C2.GRIN
PI416871,C2.GRIN
PI417093,C2.GRIN
PI417245,C2.GRIN
PI423705,C2.GRIN
PI424145,C2.GRIN
PI424164B,C2.GRIN
PI424560,C2.GRIN
PI437882A,C2.GRIN
PI458236A,C2.GRIN
PI464910,C2.GRIN
PI486355,C2.GRIN
PI504486,C2.GRIN
PI506826,C2.GRIN
PI511866,C2.GRIN
PI567070C,C2.GRIN
PI567414,C2.GRIN
PI567611,C2.GRIN
PI567629B,C2.GRIN
PI567646A,C2.GRIN
PI567681,C2.GRIN
PI567759,C2.GRIN
PI578307A,C2.GRIN
PI587997B,C2.GRIN
PI588029,C2.GRIN
PI594170A,C2.GRIN
PI603337A,C2.GRIN
PI603445A,C2.GRIN
PI628825,C2.GRIN
PI319530,C2.GRIN
PI323561,C2.GRIN
PI398726,C2.GRIN
PI398972,C2.GRIN
PI407861A,C2.GRIN
PI424214C,C2.GRIN
PI438507C,C2.GRIN
PI445683,C2.GRIN
PI445796,C2.GRIN
PI458040,C2.GRIN
PI464901,C2.GRIN
PI506728,C2.GRIN
PI506787,C2.GRIN
PI507437,C2.GRIN
PI507686A,C2.GRIN
PI507686B,C2.GRIN
PI512322C,C2.GRIN
PI518291B,C2.GRIN
PI548568,C2.GRIN
PI549030B,C2.GRIN
PI556949,C2.GRIN
PI567352A,C2.GRIN
PI567352B,C2.GRIN
PI567432B,C2.GRIN
PI567602A,C2.GRIN
PI567767C,C2.GRIN
PI578318B,C2.GRIN
PI587998A,C2.GRIN
PI587998C,C2.GRIN
PI592907A,C2.GRIN
PI592912A,C2.GRIN
PI597394,C2.GRIN
PI603412A,C2.GRIN
PI603424B,C2.GRIN
PI603424C,C2.GRIN
PI603424D,C2.GRIN
PI603601,C2.GRIN
PI603742B,C2.GRIN
PI603742D,C2.GRIN
PI603915B,C2.GRIN
PI605743A,C2.GRIN
PI605825B,C2.GRIN
PI613559E,C2.GRIN
PI632663A,C2.GRIN
PI157414,C2.SK
PI157450,C2.SK
PI157482,C2.SK
PI398194,C2.SK
PI398217,C2.SK
PI398229,C2.SK
PI398341,C2.SK
PI398370,C2.SK
PI398576,C2.SK
PI398714,C2.SK
PI398745,C2.SK
PI398870,C2.SK
PI398937,C2.SK
PI398951,C2.SK
PI399002,C2.SK
PI399003,C2.SK
PI399017,C2.SK
PI399038,C2.SK
PI399057,C2.SK
PI399107,C2.SK
PI407794,C2.SK
PI407833C,C2.SK
PI407876,C2.SK
PI407941A,C2.SK
PI408015,C2.SK
PI408081,C2.SK
PI408134A,C2.SK
PI408185,C2.SK
PI408272B,C2.SK
PI423817,C2.SK
PI423840,C2.SK
PI423844,C2.SK
PI424214A,C2.SK
PI424273A,C2.SK
PI424325,C2.SK
PI458048,C2.SK
PI458091,C2.SK
PI458185,C2.SK
PI458203B,C2.SK
PI458226,C2.SK
PI506716,C2.SK
PI507528,C2.SK
PI509105,C2.SK
PI532466B,C2.SK
PI603159,C2.SK
PI157397,C2.SK
PI157451,C2.SK
PI157454,C2.SK
PI157483,C2.SK
PI196170,C2.SK
PI253653B,C2.SK
PI339870,C2.SK
PI339978,C2.SK
PI340009,C2.SK
PI340017,C2.SK
PI340027,C2.SK
PI398311,C2.SK
PI398316,C2.SK
PI398390,C2.SK
PI398581,C2.SK
PI398646,C2.SK
PI398693,C2.SK
PI398952,C2.SK
PI399009,C2.SK
PI399085,C2.SK
PI407790-2,C2.SK
PI407816,C2.SK
PI408021,C2.SK
PI408079B,C2.SK
PI408138A,C2.SK
PI408157,C2.SK
PI408218,C2.SK
PI408308B,C2.SK
PI416771,C2.SK
PI423793,C2.SK
PI423826C,C2.SK
PI423861,C2.SK
PI424173,C2.SK
PI424213,C2.SK
PI424294C,C2.SK
PI424350,C2.SK
PI424351,C2.SK
PI424352,C2.SK
PI424532,C2.SK
PI424549B,C2.SK
PI442019,C2.SK
PI458043,C2.SK
PI458072A,C2.SK
PI458082,C2.SK
PI458094,C2.SK
PI458222,C2.SK
PI458286,C2.SK
PI506657,C2.SK
PI509102,C2.SK
PI594006,C2.SK
PI594010,C2.SK
PI157405,C2.SK
PI157430,C2.SK
PI157436,C2.SK
PI157439,C2.SK
PI157442,C2.SK
PI157446,C2.SK
PI157459,C2.SK
PI157474,C2.SK
PI159923A,C2.SK
PI200447,C2.SK
PI227158,C2.SK
PI398243,C2.SK
PI398507,C2.SK
PI398509,C2.SK
PI398692,C2.SK
PI398969,C2.SK
PI399024,C2.SK
PI399059,C2.SK
PI399067,C2.SK
PI407821A,C2.SK
PI407843,C2.SK
PI407892C,C2.SK
PI407921,C2.SK
PI407946-2,C2.SK
PI407972B,C2.SK
PI408046,C2.SK
PI408071,C2.SK
PI408146,C2.SK
PI408251,C2.SK
PI408272A,C2.SK
PI416837,C2.SK
PI423767,C2.SK
PI423774,C2.SK
PI424368B,C2.SK
PI424410,C2.SK
PI458025,C2.SK
PI458060B,C2.SK
PI458067B,C2.SK
PI458097,C2.SK
PI458146,C2.SK
PI458194,C2.SK
PI458202B,C2.SK
PI458248,C2.SK
PI603160,C2.SK
PI603912,C2.SK
PI479759,C2.US
PI547094,C2.US
PI547402,C2.US
PI547410,C2.US
PI547428,C2.US
PI547432,C2.US
PI547434,C2.US
PI547480,C2.US
PI547481,C2.US
PI547482,C2.US
PI547511,C2.US
PI547518,C2.US
PI547528,C2.US
PI547530,C2.US
PI547540,C2.US
PI547547,C2.US
PI547549,C2.US
PI547559,C2.US
PI547562,C2.US
PI547569,C2.US
PI547573,C2.US
PI547580,C2.US
PI547586,C2.US
PI547589,C2.US
PI547604,C2.US
PI547609,C2.US
PI547626,C2.US
PI547627,C2.US
PI547631,C2.US
PI547635,C2.US
PI547636,C2.US
PI547638,C2.US
PI547654,C2.US
PI547660,C2.US
PI547796,C2.US
PI547797,C2.US
PI547804,C2.US
PI547814,C2.US
PI547867,C2.US
PI548549,C2.US
PI548586,C2.US
PI548628,C2.US
PI548677,C2.US
PI553041,C2.US
PI556687,C2.US
PI556850,C2.US
PI567782,C2.US
PI591498,C2.US
PI591509,C2.US
PI591520,C2.US
PI591537,C2.US
PI597386,C2.US
PI602449,C2.US
PI602450,C2.US
PI634762,C2.US
PI634881,C2.US
PI634893,C2.US
PI634910,C2.US
PI639562,C2.US
PI427139,C2.US
PI475783B,C2.US
PI542709,C2.US
PI547419,C2.US
PI547425,C2.US
PI547427,C2.US
PI547436,C2.US
PI547452,C2.US
PI547461,C2.US
PI547467,C2.US
PI547476,C2.US
PI547489,C2.US
PI547508,C2.US
PI547521,C2.US
PI547538,C2.US
PI547545,C2.US
PI547560,C2.US
PI547583,C2.US
PI547598,C2.US
PI547599,C2.US
PI547608,C2.US
PI547618,C2.US
PI547628,C2.US
PI547639,C2.US
PI547640,C2.US
PI547642,C2.US
PI547662,C2.US
PI547845,C2.US
PI547846,C2.US
PI547856,C2.US
PI547872,C2.US
PI547878,C2.US
PI547883,C2.US
PI547887,C2.US
PI548208,C2.US
PI548214,C2.US
PI548281,C2.US
PI548534,C2.US
PI548557,C2.US
PI548598,C2.US
PI548616,C2.US
PI548622,C2.US
PI548636,C2.US
PI562374,C2.US
PI584441,C2.US
PI591484,C2.US
PI591497,C2.US
PI591502,C2.US
PI591510,C2.US
PI591524,C2.US
PI591525,C2.US
PI591531,C2.US
PI591540,C2.US
PI597382,C2.US
PI597478B,C2.US
PI603571B,C2.US
PI603742C,C2.US
PI614154,C2.US
PI632422,C2.US
PI634760,C2.US
PI634827,C2.US
PI636464,C2.US
PI371610,C2.US
PI371611,C2.US
PI445830,C2.US
PI476352A,C2.US
PI507708,C2.US
PI533601,C2.US
PI534646,C2.US
PI534648,C2.US
PI537095,C2.US
PI542711,C2.US
PI547415,C2.US
PI547437,C2.US
PI547444,C2.US
PI547453,C2.US
PI547479,C2.US
PI547524,C2.US
PI547525,C2.US
PI547535,C2.US
PI547543,C2.US
PI547572,C2.US
PI547576,C2.US
PI547603,C2.US
PI547630,C2.US
PI547644,C2.US
PI547801,C2.US
PI547833,C2.US
PI547862,C2.US
PI547876,C2.US
PI548210,C2.US
PI548231,C2.US
PI548242,C2.US
PI548253,C2.US
PI548259,C2.US
PI548263,C2.US
PI548288,C2.US
PI548520,C2.US
PI548569,C2.US
PI548597,C2.US
PI548611,C2.US
PI548681,C2.US
PI556778,C2.US
PI556928,C2.US
PI557011,C2.US
PI567783,C2.US
PI576166,C2.US
PI591506,C2.US
PI591539,C2.US
PI592936,C2.US
PI595363,C2.US
PI603205,C2.US
PI612738,C2.US
PI615554,C2.US
PI632426,C2.US
PI632427,C2.US
PI632963,C2.US
PI634761,C2.US
PI634903,C2.US
PI634906,C2.US
PI81031-1,C2.GRIN
PI81763,C2.GRIN
PI85420,C2.GRIN
PI88816,C2.GRIN
PI90570,C2.GRIN
PI91731,C2.GRIN
PI93055,C2.GRIN
PI84946-1,C2.GRIN
PI87059,C2.GRIN
PI89783,C2.GRIN
PI82218,C2.SK
PI82315,C2.SK
PI82555,C2.SK
PI83891,C2.SK
PI83946,C2.SK
PI85559,C2.SK
PI84742,C2.SK
PI85550,C2.SK
PI85590,C2.SK
PI85630,C2.SK
PI86978,C2.SK
PI97066,C2.SK
PI81774,C2.SK
PI83944,C2.SK
PI85355,C2.SK
PI85424,C2.SK
PI85469,C2.SK
PI86740,C2.SK
PI90573,C2.SK
PI95960,C2.SK
PI97161,C2.SK
PI70467,C2.US
PI273483A,R.SK
PI273483B,R.SK
PI273484,R.SK
PI274205,R.SK
PI274206,R.SK
PI274207,R.SK
PI274208,R.SK
PI274210,R.SK
PI274211,R.SK
PI274212,R.SK
PI339734,R.SK
PI339736,R.SK
PI339864A,R.SK
PI339865A,R.SK
PI339865B,R.SK
PI339868A,R.SK
PI339868B,R.SK
PI339977,R.SK
PI339987,R.SK
PI339990,R.SK
PI339991,R.SK
PI339993,R.SK
PI339994,R.SK
PI339995,R.SK
PI339997,R.SK
PI340005,R.SK
PI340007,R.SK
PI340012,R.SK
PI340015,R.SK
PI340018,R.SK
PI340020,R.SK
PI340021A,R.SK
PI340031A,R.SK
PI340034,R.SK
PI340036,R.SK
PI340037,R.SK
PI340038,R.SK
PI340046,R.SK
PI340047,R.SK
PI340048,R.SK
PI340049,R.SK
PI340053A,R.SK
PI340053B,R.SK
PI361101,R.SK
PI372415B,R.SK
PI398181,R.SK
PI398182,R.SK
PI398185,R.SK
PI398188,R.SK
PI398190,R.SK
PI398197,R.SK
PI398199,R.SK
PI398200,R.SK
PI398201,R.SK
PI398202,R.SK
PI398204,R.SK
PI398205,R.SK
PI398208,R.SK
PI398211,R.SK
PI398222,R.SK
PI398223,R.SK
PI398224,R.SK
PI398225,R.SK
PI398226,R.SK
PI398227,R.SK
PI398230,R.SK
PI398231,R.SK
PI398232,R.SK
PI398233,R.SK
PI398236,R.SK
PI398237,R.SK
PI398244,R.SK
PI398247,R.SK
PI398250,R.SK
PI398251,R.SK
PI398256,R.SK
PI398257,R.SK
PI398260,R.SK
PI398265,R.SK
PI398268,R.SK
PI398270,R.SK
PI398271,R.SK
PI398273,R.SK
PI398274,R.SK
PI398278,R.SK
PI398282,R.SK
PI398283,R.SK
PI398290,R.SK
PI398291,R.SK
PI398293,R.SK
PI398294,R.SK
PI398297,R.SK
PI398300,R.SK
PI398305,R.SK
PI398306,R.SK
PI398310,R.SK
PI398312,R.SK
PI398313,R.SK
PI398314,R.SK
PI398315,R.SK
PI398319,R.SK
PI398320,R.SK
PI398321,R.SK
PI398322,R.SK
PI398325,R.SK
PI398326,R.SK
PI398327,R.SK
PI398349,R.SK
PI398355,R.SK
PI398356,R.SK
PI398357,R.SK
PI398360,R.SK
PI398367,R.SK
PI398374,R.SK
PI398379,R.SK
PI398380,R.SK
PI398383,R.SK
PI398384,R.SK
PI398385,R.SK
PI398386,R.SK
PI398392,R.SK
PI398394,R.SK
PI398395,R.SK
PI398396,R.SK
PI398398,R.SK
PI398401,R.SK
PI398404,R.SK
PI398405,R.SK
PI398408,R.SK
PI398412,R.SK
PI398414,R.SK
PI398415,R.SK
PI398416,R.SK
PI398419,R.SK
PI398421,R.SK
PI398425,R.SK
PI398426,R.SK
PI398429,R.SK
PI398430,R.SK
PI398431,R.SK
PI398440,R.SK
PI398441,R.SK
PI398442,R.SK
PI398443,R.SK
PI398444,R.SK
PI398446,R.SK
PI398450,R.SK
PI398463,R.SK
PI398464,R.SK
PI398470,R.SK
PI398472,R.SK
PI398475,R.SK
PI398482,R.SK
PI398484,R.SK
PI398486,R.SK
PI398489,R.SK
PI398490,R.SK
PI398492,R.SK
PI398494,R.SK
PI398495,R.SK
PI398499,R.SK
PI398501,R.SK
PI398504,R.SK
PI398505,R.SK
PI398516,R.SK
PI398519,R.SK
PI398522,R.SK
PI398523,R.SK
PI398529,R.SK
PI398531,R.SK
PI398537,R.SK
PI398551,R.SK
PI398558,R.SK
PI398566,R.SK
PI398588,R.SK
PI398600,R.SK
PI398601,R.SK
PI398604,R.SK
PI398617,R.SK
PI398619,R.SK
PI398620,R.SK
PI398624,R.SK
PI398636,R.SK
PI398637,R.SK
PI398638,R.SK
PI398640,R.SK
PI398641,R.SK
PI398642,R.SK
PI398644,R.SK
PI398652,R.SK
PI398654,R.SK
PI398655,R.SK
PI398657,R.SK
PI398685,R.SK
PI398686,R.SK
PI398696,R.SK
PI398697,R.SK
PI398698,R.SK
PI398706,R.SK
PI398708,R.SK
PI398710,R.SK
PI398712,R.SK
PI398716,R.SK
PI398720,R.SK
PI398727,R.SK
PI398735,R.SK
PI398738,R.SK
PI398744,R.SK
PI398746,R.SK
PI398750,R.SK
PI398751,R.SK
PI398752,R.SK
PI398753,R.SK
PI398754,R.SK
PI398757,R.SK
PI398759,R.SK
PI398765,R.SK
PI398776,R.SK
PI398788,R.SK
PI398801,R.SK
PI398802,R.SK
PI398803,R.SK
PI398806,R.SK
PI398807,R.SK
PI398808,R.SK
PI398813,R.SK
PI398814,R.SK
PI398816,R.SK
PI398820,R.SK
PI398821,R.SK
PI398822,R.SK
PI398823,R.SK
PI398830,R.SK
PI398831,R.SK
PI398832,R.SK
PI398838,R.SK
PI398843,R.SK
PI398858,R.SK
PI398867,R.SK
PI398868,R.SK
PI398871,R.SK
PI398872,R.SK
PI398878,R.SK
PI398881,R.SK
PI398883,R.SK
PI398884,R.SK
PI398885,R.SK
PI398886,R.SK
PI398887,R.SK
PI398888,R.SK
PI398889,R.SK
PI398891,R.SK
PI398899,R.SK
PI398901,R.SK
PI398904,R.SK
PI398908,R.SK
PI398914,R.SK
PI398915,R.SK
PI398916,R.SK
PI398920,R.SK
PI398921,R.SK
PI398923,R.SK
PI398924,R.SK
PI398927,R.SK
PI398929,R.SK
PI398930,R.SK
PI398931,R.SK
PI398933,R.SK
PI398934,R.SK
PI398936,R.SK
PI398938,R.SK
PI398941,R.SK
PI398942,R.SK
PI398953,R.SK
PI398957,R.SK
PI398960,R.SK
PI398975,R.SK
PI398980,R.SK
PI398982,R.SK
PI398987,R.SK
PI398989,R.SK
PI398990,R.SK
PI398995,R.SK
PI399010,R.SK
PI399011,R.SK
PI399018,R.SK
PI399023,R.SK
PI399028,R.SK
PI399030,R.SK
PI399031,R.SK
PI399034,R.SK
PI399035,R.SK
PI399039,R.SK
PI399043,R.SK
PI399046,R.SK
PI399051,R.SK
PI399063,R.SK
PI399066,R.SK
PI399069,R.SK
PI399070,R.SK
PI399072,R.SK
PI399091,R.SK
PI399093,R.SK
PI406707,R.SK
PI406708,R.SK
PI406709,R.SK
PI407772A,R.SK
PI407781B,R.SK
PI407786A,R.SK
PI407788A,R.SK
PI407795A,R.SK
PI407796,R.SK
PI407805C,R.SK
PI407810,R.SK
PI407818A,R.SK
PI407849,R.SK
PI407850,R.SK
PI407851,R.SK
PI407858,R.SK
PI407860,R.SK
PI407861B,R.SK
PI407862,R.SK
PI407863,R.SK
PI407867A,R.SK
PI407868A,R.SK
PI407868B,R.SK
PI407869B,R.SK
PI407872A,R.SK
PI407872C,R.SK
PI407873,R.SK
PI407875B,R.SK
PI407883,R.SK
PI407886,R.SK
PI407892A,R.SK
PI407895,R.SK
PI407898A,R.SK
PI407902A,R.SK
PI407902B,R.SK
PI407907A,R.SK
PI407913A,R.SK
PI407914B,R.SK
PI407914D,R.SK
PI407918A,R.SK
PI407925,R.SK
PI407926A,R.SK
PI407926B,R.SK
PI407927A,R.SK
PI407932A,R.SK
PI407932B,R.SK
PI407933,R.SK
PI407934,R.SK
PI407939A,R.SK
PI407939B,R.SK
PI407947,R.SK
PI407958,R.SK
PI407966A,R.SK
PI407966B,R.SK
PI407973A,R.SK
PI407976A,R.SK
PI407979,R.SK
PI407988B,R.SK
PI407992,R.SK
PI407998A,R.SK
PI408005,R.SK
PI408006,R.SK
PI408013,R.SK
PI408014,R.SK
PI408018,R.SK
PI408020D,R.SK
PI408026,R.SK
PI408028,R.SK
PI408032A,R.SK
PI408032B,R.SK
PI408036,R.SK
PI408039,R.SK
PI408048A,R.SK
PI408050B,R.SK
PI408052A,R.SK
PI408052B,R.SK
PI408052C,R.SK
PI408055A,R.SK
PI408055C,R.SK
PI408058,R.SK
PI408064,R.SK
PI408067A,R.SK
PI408068B,R.SK
PI408069,R.SK
PI408070A,R.SK
PI408073,R.SK
PI408074C,R.SK
PI408075,R.SK
PI408079A,R.SK
PI408089,R.SK
PI408095A,R.SK
PI408095B,R.SK
PI408103,R.SK
PI408105A,R.SK
PI408105B,R.SK
PI408108,R.SK
PI408109A,R.SK
PI408110A,R.SK
PI408114,R.SK
PI408116,R.SK
PI408124B,R.SK
PI408125B,R.SK
PI408126A,R.SK
PI408126B,R.SK
PI408128,R.SK
PI408133,R.SK
PI408135A,R.SK
PI408136,R.SK
PI408137A,R.SK
PI408138D,R.SK
PI408140A,R.SK
PI408140B,R.SK
PI408166A,R.SK
PI408170,R.SK
PI408171,R.SK
PI408173,R.SK
PI408174,R.SK
PI408178,R.SK
PI408179,R.SK
PI408181D,R.SK
PI408189,R.SK
PI408194,R.SK
PI408196A,R.SK
PI408197A,R.SK
PI408199,R.SK
PI408200A,R.SK
PI408203A,R.SK
PI408203B,R.SK
PI408209A,R.SK
PI408209B,R.SK
PI408209C,R.SK
PI408214,R.SK
PI408215A,R.SK
PI408216A,R.SK
PI408216B,R.SK
PI408217A,R.SK
PI408217B,R.SK
PI408217C,R.SK
PI408222A,R.SK
PI408222B,R.SK
PI408224B,R.SK
PI408226A,R.SK
PI408227,R.SK
PI408228B,R.SK
PI408230,R.SK
PI408231,R.SK
PI408232,R.SK
PI408233A,R.SK
PI408233B,R.SK
PI408234A,R.SK
PI408234B,R.SK
PI408248A,R.SK
PI408248B,R.SK
PI408255A,R.SK
PI408256,R.SK
PI408259A,R.SK
PI408260C,R.SK
PI408262A,R.SK
PI408262B,R.SK
PI408262C,R.SK
PI408262D,R.SK
PI408263,R.SK
PI408264,R.SK
PI408265A,R.SK
PI408265B,R.SK
PI408269A,R.SK
PI408269B,R.SK
PI408269D,R.SK
PI408270B,R.SK
PI408271,R.SK
PI408275,R.SK
PI408277,R.SK
PI408284,R.SK
PI408285A,R.SK
PI408285B,R.SK
PI408290,R.SK
PI408294A,R.SK
PI408295B,R.SK
PI408296A,R.SK
PI408298A,R.SK
PI408298B,R.SK
PI408299,R.SK
PI408302,R.SK
PI408306,R.SK
PI408310A,R.SK
PI408312A,R.SK
PI408312B,R.SK
PI408315A,R.SK
PI408315B,R.SK
PI408318A,R.SK
PI408321,R.SK
PI408329,R.SK
PI408332A,R.SK
PI408334,R.SK
PI408335A,R.SK
PI408338,R.SK
PI423725,R.SK
PI423728A,R.SK
PI423729,R.SK
PI423730A,R.SK
PI423733,R.SK
PI423736A,R.SK
PI423737,R.SK
PI423739,R.SK
PI423740,R.SK
PI423744,R.SK
PI423746,R.SK
PI423747B,R.SK
PI423748A,R.SK
PI423748C,R.SK
PI423752A,R.SK
PI423752B,R.SK
PI423753A,R.SK
PI423756B,R.SK
PI423757,R.SK
PI423763,R.SK
PI423765,R.SK
PI423766,R.SK
PI423769A,R.SK
PI423769B,R.SK
PI423770,R.SK
PI423771,R.SK
PI423776,R.SK
PI423777,R.SK
PI423778,R.SK
PI423787,R.SK
PI423791,R.SK
PI423792,R.SK
PI423795,R.SK
PI423797,R.SK
PI423798B,R.SK
PI423799A,R.SK
PI423800,R.SK
PI423809,R.SK
PI423811,R.SK
PI423812,R.SK
PI423814B,R.SK
PI423815,R.SK
PI423816,R.SK
PI423818,R.SK
PI423830B,R.SK
PI423833B,R.SK
PI423836,R.SK
PI423838,R.SK
PI423839,R.SK
PI423841,R.SK
PI423846,R.SK
PI423851,R.SK
PI423863A,R.SK
PI423863B,R.SK
PI424024,R.SK
PI424078,R.SK
PI424134,R.SK
PI424140,R.SK
PI424149,R.SK
PI424150,R.SK
PI424151,R.SK
PI424152,R.SK
PI424153,R.SK
PI424154A,R.SK
PI424155A,R.SK
PI424155B,R.SK
PI424158,R.SK
PI424159B,R.SK
PI424160,R.SK
PI424162,R.SK
PI424165,R.SK
PI424167,R.SK
PI424168A,R.SK
PI424168C,R.SK
PI424171A,R.SK
PI424172A,R.SK
PI424177,R.SK
PI424179A,R.SK
PI424180,R.SK
PI424184,R.SK
PI424188B,R.SK
PI424189,R.SK
PI424211,R.SK
PI424214B,R.SK
PI424217A,R.SK
PI424217B,R.SK
PI424220A,R.SK
PI424222A,R.SK
PI424225,R.SK
PI424227A,R.SK
PI424229B,R.SK
PI424230,R.SK
PI424231,R.SK
PI424232A,R.SK
PI424232B,R.SK
PI424233,R.SK
PI424234A,R.SK
PI424234B,R.SK
PI424234C,R.SK
PI424235,R.SK
PI424236,R.SK
PI424238,R.SK
PI424241,R.SK
PI424242,R.SK
PI424244,R.SK
PI424245,R.SK
PI424247A,R.SK
PI424247B,R.SK
PI424249C,R.SK
PI424253,R.SK
PI424254,R.SK
PI424255A,R.SK
PI424255B,R.SK
PI424256,R.SK
PI424257A,R.SK
PI424257B,R.SK
PI424258,R.SK
PI424262,R.SK
PI424264,R.SK
PI424265,R.SK
PI424267,R.SK
PI424268,R.SK
PI424269A,R.SK
PI424270A,R.SK
PI424270C,R.SK
PI424272A,R.SK
PI424273B,R.SK
PI424274A,R.SK
PI424274B,R.SK
PI424276,R.SK
PI424280,R.SK
PI424281A,R.SK
PI424281B,R.SK
PI424282,R.SK
PI424283,R.SK
PI424285D,R.SK
PI424286,R.SK
PI424287,R.SK
PI424288,R.SK
PI424289,R.SK
PI424291,R.SK
PI424293,R.SK
PI424294A,R.SK
PI424294B,R.SK
PI424296A,R.SK
PI424296B,R.SK
PI424299A,R.SK
PI424299B,R.SK
PI424299C,R.SK
PI424301,R.SK
PI424307,R.SK
PI424310,R.SK
PI424311,R.SK
PI424312,R.SK
PI424313,R.SK
PI424314,R.SK
PI424315,R.SK
PI424317,R.SK
PI424318,R.SK
PI424319,R.SK
PI424326,R.SK
PI424327,R.SK
PI424328,R.SK
PI424329,R.SK
PI424330,R.SK
PI424336,R.SK
PI424343,R.SK
PI424344,R.SK
PI424346,R.SK
PI424347A,R.SK
PI424347B,R.SK
PI424348A,R.SK
PI424348B,R.SK
PI424349A,R.SK
PI424354,R.SK
PI424356,R.SK
PI424357B,R.SK
PI424358,R.SK
PI424359,R.SK
PI424364B,R.SK
PI424366,R.SK
PI424370A,R.SK
PI424370B,R.SK
PI424372,R.SK
PI424373,R.SK
PI424379,R.SK
PI424380,R.SK
PI424381,R.SK
PI424382,R.SK
PI424383,R.SK
PI424384,R.SK
PI424386A,R.SK
PI424386B,R.SK
PI424387,R.SK
PI424388,R.SK
PI424395,R.SK
PI424396,R.SK
PI424397,R.SK
PI424399,R.SK
PI424401,R.SK
PI424402A,R.SK
PI424403,R.SK
PI424405A,R.SK
PI424405C,R.SK
PI424411,R.SK
PI424412,R.SK
PI424424,R.SK
PI424425,R.SK
PI424426,R.SK
PI424427,R.SK
PI424428,R.SK
PI424431,R.SK
PI424432,R.SK
PI424436,R.SK
PI424443,R.SK
PI424444B,R.SK
PI424444C,R.SK
PI424449,R.SK
PI424452,R.SK
PI424459,R.SK
PI424462B,R.SK
PI424462C,R.SK
PI424465,R.SK
PI424466,R.SK
PI424467,R.SK
PI424468,R.SK
PI424469,R.SK
PI424470,R.SK
PI424471,R.SK
PI424472A,R.SK
PI424472B,R.SK
PI424476,R.SK
PI424481A,R.SK
PI424483,R.SK
PI424484A,R.SK
PI424484B,R.SK
PI424485,R.SK
PI424486,R.SK
PI424487A,R.SK
PI424487B,R.SK
PI424488A,R.SK
PI424488B,R.SK
PI424490,R.SK
PI424491A,R.SK
PI424492,R.SK
PI424494,R.SK
PI424495,R.SK
PI424497,R.SK
PI424500,R.SK
PI424505,R.SK
PI424506,R.SK
PI424511,R.SK
PI424512,R.SK
PI424513,R.SK
PI424516,R.SK
PI424521A,R.SK
PI424522,R.SK
PI424524,R.SK
PI424528,R.SK
PI424537,R.SK
PI424538,R.SK
PI424539,R.SK
PI424540,R.SK
PI424541,R.SK
PI424545,R.SK
PI424546A,R.SK
PI424546B,R.SK
PI424548,R.SK
PI424550,R.SK
PI424552,R.SK
PI424554,R.SK
PI424556,R.SK
PI424558A,R.SK
PI424563,R.SK
PI424565,R.SK
PI424566,R.SK
PI424567,R.SK
PI424568,R.SK
PI424569A,R.SK
PI424569B,R.SK
PI424570,R.SK
PI424571,R.SK
PI424572,R.SK
PI424573,R.SK
PI424579,R.SK
PI424580,R.SK
PI424584,R.SK
PI424587,R.SK
PI424590A,R.SK
PI424590B,R.SK
PI424597,R.SK
PI424600,R.SK
PI424605A,R.SK
PI424608A,R.SK
PI424608B,R.SK
PI424610,R.SK
PI424611A,R.SK
PI424611B,R.SK
PI424612,R.SK
PI424613,R.SK
PI424614,R.SK
FC31918,OH.SK
PI65342,OH.SK
PI80479,OH.US
PI80831,OH.SK
PI81766,OH.GRIN
PI82184S,OH.SK
PI82210,OH.SK
PI82286,OH.SK
PI82307,OH.SK
PI82554,OH.SK
PI82581,OH.SK
PI83874,OH.SK
PI83889,OH.SK
PI83923,OH.SK
PI85272,OH.SK
PI87013,OH.SK
PI87561,OH.SK
PI87575,OH.SK
PI88292,OH.GRIN
PI88788,OH.GRIN
PI88816S,OH.SK
PI90220,OH.SK
PI90241,OH.SK
PI90563,OH.SK
PI91073,OH.SK
PI91164,OH.GRIN
PI91679,OH.SK
PI91731-1,OH.GRIN
PI92743,OH.SK
PI95887,OH.SK
PI96093,OH.SK
PI96550,OH.SK
PI105579,OH.SK
PI157402,OH.SK
PI157421,OH.GRIN
PI157428,OH.SK
PI157438,OH.SK
PI157441,OH.SK
PI157445,OH.SK
PI157447,OH.SK
PI157449,OH.SK
PI157458,OH.SK
PI157460,OH.SK
PI157462,OH.SK
PI157470,OH.SK
PI157471,OH.SK
PI157472,OH.SK
PI157477,OH.SK
PI165583,OH.GRIN
PI175183,OH.GRIN
PI175186,OH.GRIN
PI175187,OH.GRIN
PI189939,OH.GRIN
PI192871,OH.GRIN
PI196167,OH.SK
PI196168,OH.SK
PI196171,OH.SK
PI196172,OH.SK
PI196175,OH.SK
PI200472,OH.SK
PI200524,OH.GRIN
PI215688,OH.GRIN
PI232988,OH.GRIN
PI232989,OH.GRIN
PI266807C,OH.GRIN
PI297543,OH.GRIN
PI323568,OH.GRIN
PI323573,OH.GRIN
PI323575,OH.GRIN
PI323577,OH.GRIN
PI339866,OH.SK
PI339980,OH.SK
PI339982,OH.SK
PI340032,OH.SK
PI342002,OH.GRIN
PI358321A,OH.GRIN
PI361062A,OH.US
PI391585,OH.SK
PI398234,OH.SK
PI398263,OH.GRIN
PI398295,OH.SK
PI398323,OH.SK
PI398330,OH.GRIN
PI398334,OH.SK
PI398358,OH.SK
PI398413,OH.SK
PI398534,OH.SK
PI398699,OH.SK
PI398722,OH.SK
PI398725,OH.SK
PI398743,OH.SK
PI398779,OH.GRIN
PI398786,OH.SK
PI398795,OH.GRIN
PI398799,OH.GRIN
PI398851,OH.SK
PI398861,OH.SK
PI398915,OH.SK
PI398971,OH.GRIN
PI398999,OH.GRIN
PI399005,OH.SK
PI399022,OH.SK
PI399042,OH.SK
PI399048,OH.GRIN
PI399052,OH.SK
PI399053,OH.GRIN
PI399065,OH.SK
PI399071,OH.GRIN
PI399086,OH.SK
PI399096,OH.SK
PI399113,OH.SK
PI399122,OH.SK
PI404166,OH.GRIN
PI407773A,OH.SK
PI407779,OH.SK
PI407789,OH.SK
PI407813,OH.SK
PI407819,OH.SK
PI407836,OH.SK
PI407839-1,OH.SK
PI407841,OH.SK
PI407844,OH.SK
PI407857,OH.GRIN
PI407861C,OH.GRIN
PI407865,OH.SK
PI407922,OH.SK
PI407949,OH.SK
PI407968,OH.GRIN
PI407972C,OH.SK
PI407976B,OH.SK
PI407987,OH.SK
PI407988A,OH.SK
PI407994,OH.SK
PI407996,OH.SK
PI408000,OH.SK
PI408027,OH.GRIN
PI408090,OH.SK
PI408131A,OH.SK
PI408134B,OH.GRIN
PI408159,OH.GRIN
PI408186A,OH.SK
PI408198,OH.SK
PI408208,OH.GRIN
PI408221B,OH.SK
PI408293-2,OH.SK
PI416838,OH.SK
PI416839,OH.GRIN
PI416934,OH.GRIN
PI416954,OH.GRIN
PI416960,OH.GRIN
PI417019,OH.SK
PI417221,OH.GRIN
PI417229,OH.SK
PI417400,OH.GRIN
PI423728B,OH.SK
PI423743B,OH.GRIN
PI423779,OH.SK
PI423783,OH.SK
PI423789,OH.SK
PI423808B,OH.SK
PI423820,OH.SK
PI423825,OH.SK
PI423826A,OH.SK
PI423826B,OH.SK
PI423856,OH.GRIN
PI424143,OH.SK
PI424144,OH.SK
PI424147,OH.GRIN
PI424156A,OH.SK
PI424159A,OH.SK
PI424164A,OH.SK
PI424169B,OH.GRIN
PI424220B,OH.SK
PI424224,OH.SK
PI424240,OH.GRIN
PI424266,OH.SK
PI424308,OH.SK
PI424321,OH.SK
PI424334,OH.SK
PI424335A,OH.SK
PI424339,OH.SK
PI424342A,OH.SK
PI424353,OH.SK
PI424363,OH.GRIN
PI424375,OH.GRIN
PI424416,OH.SK
PI424446,OH.SK
PI424451,OH.GRIN
PI424454,OH.GRIN
PI424460,OH.SK
PI424520,OH.SK
PI424535A,OH.SK
PI424543,OH.SK
PI424549A,OH.SK
PI424555B,OH.SK
PI424562,OH.SK
PI424596,OH.GRIN
PI437366,OH.GRIN
PI437564,OH.GRIN
PI437662,OH.GRIN
PI437690,OH.GRIN
PI437800,OH.GRIN
PI437864B,OH.GRIN
PI437916,OH.GRIN
PI438031,OH.GRIN
PI438033,OH.GRIN
PI438199,OH.GRIN
PI438223,OH.GRIN
PI438240,OH.GRIN
PI438304A,OH.GRIN
PI438304B,OH.SK
PI438411,OH.GRIN
PI438456,OH.GRIN
PI438496A,OH.GRIN
PI438496B,OH.GRIN
PI438496C,OH.GRIN
PI442017,OH.SK
PI458027,OH.GRIN
PI458046,OH.GRIN
PI458096,OH.SK
PI458106,OH.SK
PI458110,OH.SK
PI458174,OH.GRIN
PI458184,OH.SK
PI458217,OH.SK
PI458219,OH.GRIN
PI458235,OH.SK
PI458236B,OH.GRIN
PI458244B,OH.SK
PI458264,OH.GRIN
PI458269,OH.SK
PI458271,OH.SK
PI458293,OH.SK
PI458519A,OH.GRIN
PI458531,OH.GRIN
PI468915,OH.GRIN
PI475818,OH.GRIN
PI476914,OH.US
PI481690,OH.GRIN
PI494182,OH.GRIN
PI504488,OH.GRIN
PI504490,OH.GRIN
PI506420,OH.US
PI506476,OH.US
PI506550A,OH.GRIN
PI506634,OH.GRIN
PI506868,OH.GRIN
PI507132A,OH.GRIN
PI507238,OH.GRIN
PI507244,OH.GRIN
PI507325,OH.GRIN
PI507354,OH.GRIN
PI507702,OH.GRIN
PI509076,OH.SK
PI509080,OH.SK
PI509081,OH.GRIN
PI509096,OH.GRIN
PI509109,OH.SK
PI510670,OH.US
PI518291A,OH.GRIN
PI518670,OH.US
PI518671,OH.US
PI518675,OH.US
PI538401B,OH.US
PI542043,OH.US
PI542710,OH.US
PI543856,OH.US
PI546487,OH.US
PI547408,OH.US
PI547412,OH.US
PI547413,OH.US
PI547416,OH.US
PI547423,OH.US
PI547424,OH.US
PI547429,OH.US
PI547431,OH.US
PI547438,OH.US
PI547439,OH.US
PI547445,OH.US
PI547447,OH.US
PI547451,OH.US
PI547456,OH.US
PI547463,OH.US
PI547470,OH.US
PI547478,OH.US
PI547490,OH.US
PI547496,OH.US
PI547497,OH.US
PI547498,OH.US
PI547500,OH.US
PI547501,OH.US
PI547503,OH.US
PI547512,OH.US
PI547513,OH.US
PI547515,OH.US
PI547523,OH.US
PI547534,OH.US
PI547536,OH.US
PI547537,OH.US
PI547539,OH.US
PI547541,OH.US
PI547548,OH.US
PI547552,OH.US
PI547554,OH.US
PI547558,OH.US
PI547581,OH.US
PI547584,OH.US
PI547590,OH.US
PI547591,OH.US
PI547594,OH.US
PI547596,OH.US
PI547601,OH.US
PI547602,OH.US
PI547610,OH.US
PI547612,OH.US
PI547614,OH.US
PI547616,OH.US
PI547623,OH.US
PI547624,OH.US
PI547643,OH.US
PI547645,OH.US
PI547646,OH.US
PI547650,OH.US
PI547652,OH.US
PI547653,OH.US
PI547664,OH.US
PI547665,OH.US
PI547807,OH.US
PI547815,OH.US
PI547834,OH.US
PI547836,OH.US
PI547837,OH.US
PI547839,OH.US
PI547840,OH.US
PI547849,OH.US
PI547852,OH.US
PI547857,OH.US
PI547858,OH.US
PI547860,OH.US
PI547861,OH.US
PI547863,OH.US
PI547870,OH.US
PI547871,OH.US
PI547874,OH.US
PI547877,OH.US
PI547879,OH.US
PI547880,OH.US
PI547886,OH.US
PI547888,OH.US
PI547891,OH.US
PI547893,OH.US
PI548193,OH.US
PI548199,OH.US
PI548205,OH.GRIN
PI548209,OH.US
PI548243,OH.US
PI548262,OH.US
PI548265,OH.US
PI548276,OH.US
PI548292,OH.US
PI548313,OH.GRIN
PI548334,OH.GRIN
PI548402S,OH.GRIN
PI548478,OH.GRIN
PI548509,OH.US
PI548531,OH.US
PI548538,OH.US
PI548541,OH.US
PI548542,OH.US
PI548547,OH.US
PI548566,OH.US
PI548574,OH.US
PI548591,OH.US
PI548594,OH.GRIN
PI548634,OH.US
PI548641,OH.GRIN
PI548679,OH.US
PI548684,OH.US
PI548685,OH.US
PI556780,OH.US
PI556781,OH.US
PI556816,OH.US
PI556889,OH.US
PI556931,OH.US
PI557535,OH.US
PI560207,OH.US
PI567121A,OH.GRIN
PI567128B,OH.GRIN
PI567184,OH.GRIN
PI567226,OH.GRIN
PI567234A,OH.GRIN
PI567491A,OH.GRIN
PI567517,OH.SK
PI567527,OH.US
PI567548,OH.GRIN
PI567569,OH.SK
PI567628B,OH.GRIN
PI567630A,OH.GRIN
PI567662,OH.GRIN
PI567731,OH.GRIN
PI567767B,OH.US
PI574541,OH.US
PI576146,OH.US
PI577798,OH.US
PI578306B,OH.GRIN
PI578307C,OH.GRIN
PI578318D,OH.GRIN
PI584470,OH.US
PI587588A,OH.GRIN
PI587966B,OH.GRIN
PI591487,OH.US
PI591490,OH.US
PI591491,OH.US
PI591503,OH.US
PI591519,OH.US
PI591522,OH.US
PI591523,OH.US
PI591526,OH.US
PI591527,OH.US
PI591528,OH.US
PI591530,OH.US
PI591561,OH.US
PI592903,OH.GRIN
PI593957,OH.GRIN
PI594005D,OH.SK
PI594008,OH.SK
PI594014B,OH.GRIN
PI594170B,OH.GRIN
PI594872,OH.GRIN
PI595926,OH.US
PI597387,OH.US
PI597481,OH.US
PI603173,OH.SK
PI603332,OH.GRIN
PI603412B,OH.GRIN
PI603420,OH.GRIN
PI603444C,OH.GRIN
PI603445B,OH.GRIN
PI603453,OH.SK
PI603454,OH.US
PI603489,OH.GRIN
PI603490,OH.GRIN
PI603491,OH.GRIN
PI603495B,OH.GRIN
PI603588,OH.GRIN
PI603720,OH.GRIN
PI603733,OH.GRIN
PI603915D,OH.US
PI605806A,OH.GRIN
PI605825C,OH.GRIN
PI606364,OH.GRIN
PI606408,OH.GRIN
PI607380,OH.US
PI612736,OH.US
PI614155,OH.US
PI614807,OH.US
PI615514,OH.GRIN
PI615555,OH.US
PI616498,OH.US
PI628874,OH.GRIN
PI632401,OH.US
PI632405,OH.US
PI632425,OH.US
PI632430,OH.US
PI632945B,OH.GRIN
PI633608,OH.US
PI634757,OH.US
PI634758,OH.US
PI634763,OH.US
PI634764,OH.US
PI634876,OH.US
PI634895,OH.US
PI634905,OH.US
PI634909,OH.US
PI636695,OH.US
PI639543,OH.GRIN
PI639563,OH.US
PI644024,OH.US
